#session,leopard_id,occasion,trapid
1,LCNP10,25,CP116
1,LCNP10,31,CP111
1,LCNP11,15,CP133
1,LCNP12,17,CP130
1,LCNP12,22,CP165
1,LCNP13,42,CP135
1,LCNP14,29,CP209
1,LCNP14,46,CP209
1,LCNP14,47,CP209
1,LCNP14,48,CP209
1,LCNP15,57,CP234
1,LCNP15,57,CP218
1,LCNP16,38,CP182
1,LCNP18,28,CP27
1,LCNP19,40,CP17
1,LCNP1,31,CP111
1,LCNP1,39,CP123
1,LCNP21,5,CP246
1,LCNP21,7,CP246
1,LCNP21,48,CP151
1,LCNP21,51,CP151
1,LCNP21,52,CP177
1,LCNP22,7,CP246
1,LCNP23,9,CP24
1,LCNP24,27,CP150
1,LCNP26,14,CP209
1,LCNP26,20,CP207
1,LCNP26,47,CP243
1,LCNP26,48,CP243
1,LCNP26,52,CP243
1,LCNP27,26,CP224
1,LCNP27,35,CP60
1,LCNP2,14,CP179
1,LCNP2,28,CP168
1,LCNP2,29,CP150
1,LCNP2,34,CP150
1,LCNP2,41,CP178
1,LCNP2,43,CP150
1,LCNP2,52,CP127
1,LCNP2,53,CP150
1,LCNP30,13,CP90
1,LCNP30,38,CP103
1,LCNP30,44,CP111
1,LCNP30,55,CP111
1,LCNP31,38,CP171
1,LCNP32,41,CP22
1,LCNP33,53,CP32
1,LCNP34,22,CP210
1,LCNP34,42,CP228
1,LCNP36,23,CP84
1,LCNP37,52,CP182
1,LCNP39,52,CP127
1,LCNP3,38,CP224
1,LCNP40,9,CP169
1,LCNP41,41,CP178
1,LCNP42,43,CP220
1,LCNP43,24,CP223
1,LCNP43,45,CP151
1,LCNP43,57,CP176
1,LCNP46,44,CP1
1,LCNP48,48,CP209
1,LCNP49,38,CP148
1,LCNP4,40,CP130
1,LCNP51,37,CP239
1,LCNP51,37,CP239
1,LCNP5,20,CP153
1,LCNP5,44,CP121
1,LCNP5,50,CP153
1,LCNP5,50,CP153
1,LCNP64,44,CP212
1,LCNP64,46,CP241
1,LCNP6,28,CP27
1,LCNP7,24,CP179
1,LCNP7,24,CP168
1,LKCN8,14,CP246
1,LCNP9,27,CP14
1,LCNP9,41,CP11
1,LCNP9,41,CP15
1,LCNP9,53,CP15
1,LKLG103,25,KG600
1,LKLG10,5,KG534
1,LKLG10,9,KG499
1,LKLG10,13,KG502
1,LKLG10,14,KG535
1,LKLG10,15,KG534
1,LKLG10,16,KG502
1,LKLG10,18,KG463
1,LKLG10,18,KG568
1,LKLG10,21,KG539
1,LKLG10,24,KG501
1,LKLG10,25,KG502
1,LKLG10,34,KG502
1,LKLG10,41,KG502
1,LKLG10,42,KG536
1,LKLG10,46,KG502
1,LKLG10,47,KG539
1,LKLG10,53,KG539
1,LKLG10,57,KG535
1,LKLG10,60,KG502
1,LKLG10,64,KG502
1,LKLG11,19,KG477
1,LKLG11,32,KG438
1,LKLG11,41,KG477
1,LKLG11,59,KG478
1,LKLG11,59,KG477
1,LKLG124,17,KG654
1,LKLG124,25,KG653
1,LKLG12,53,KG479
1,LKLG13,14,KG485
1,LKLG13,14,KG553
1,LKLG13,14,KG554
1,LKLG13,21,KG521
1,LKLG13,34,KG527
1,LKLG13,40,KG527
1,LKLG13,55,KG554
1,LKLG14,11,KG489
1,LKLG14,37,KG526
1,LKLG14,61,KG528
1,LKLG15,7,KG448
1,LKLG15,12,KG554
1,LKLG15,22,KG606
1,LKLG15,25,KG554
1,LKLG15,31,KG584
1,LKLG15,39,KG489
1,LKLG15,42,KG554
1,LKLG15,45,KG555
1,LKLG15,48,KG627
1,LKLG15,49,KG581
1,LKLG15,57,KG527
1,LKLG17,28,KG507
1,LKLG17,38,KG507
1,LKLG17,54,KG507
1,LKLG17,60,KG507
1,LKLG19,6,KG323
1,LKLG19,26,KG323
1,LKLG19,27,KG323
1,LKLG19,27,KG290
1,LKLG19,38,KG323
1,LKLG19,56,KG290
1,LKLG1,52,KG262
1,LKLG20,24,KG571
1,LKLG20,34,KG510
1,LKLG21,10,KG533
1,LKLG21,19,KG565
1,LKLG21,19,KG565
1,LKLG21,21,KG533
1,LKLG21,24,KG533
1,LKLG21,31,KG565
1,LKLG21,53,KG565
1,LKLG21,59,KG533
1,LKLG22,7,KG534
1,LKLG22,14,KG566
1,LKLG22,14,KG567
1,LKLG22,22,KG534
1,LKLG22,24,KG535
1,LKLG22,35,KG534
1,LKLG22,36,KG534
1,LKLG22,39,KG590
1,LKLG22,41,KG566
1,LKLG22,42,KG534
1,LKLG22,43,KG566
1,LKLG22,53,KG535
1,LKLG22,61,KG566
1,LKLG23,9,KG539
1,LKLG23,35,KG539
1,LKLG23,38,KG539
1,LKLG23,40,KG539
1,LKLG23,49,KG539
1,LKLG23,50,KG539
1,LKLG23,60,KG539
1,LKLG23,61,KG539
1,LKLG24,61,KG536
1,LKLG25,7,KG589
1,LKLG25,10,KG564
1,LKLG25,10,KG589
1,LKLG25,11,KG563
1,LKLG25,14,KG564
1,LKLG25,15,KG589
1,LKLG25,24,KG586
1,LKLG25,30,KG563
1,LKLG25,32,KG589
1,LKLG25,35,KG564
1,LKLG25,35,KG589
1,LKLG25,45,KG588
1,LKLG25,45,KG564
1,LKLG25,54,KG589
1,LKLG25,57,KG564
1,LKLG25,59,KG586
1,LKLG26,12,KG577
1,LKLG26,20,KG521
1,LKLG26,56,KG552
1,LKLG26,62,KG577
1,LKLG27,43,KG553
1,LKLG28,47,KG575
1,LKLG28,58,KG577
1,LKLG29,6,KG290
1,LKLG29,7,KG323
1,LKLG29,22,KG321
1,LKLG29,24,KG357
1,LKLG29,35,KG290
1,LKLG29,40,KG323
1,LKLG29,45,KG357
1,LKLG29,53,KG323
1,LKLG29,55,KG323
1,LKLG2,8,KG393
1,LKLG2,31,KG393
1,LKLG2,47,KG393
1,LKLG2,55,KG432
1,LKLG30,6,KG584
1,LKLG30,17,KG585
1,LKLG30,29,KG588
1,LKLG31,19,KG627
1,LKLG31,19,KG584
1,LKLG31,26,KG661
1,LKLG31,30,KG661
1,LKLG31,30,KG661
1,LKLG31,31,KG627
1,LKLG31,45,KG638
1,LKLG31,50,KG627
1,LKLG31,54,KG661
1,LKLG31,56,KG627
1,LKLG31,56,KG630
1,LKLG32,4,KG589
1,LKLG32,7,KG589
1,LKLG32,11,KG562
1,LKLG32,27,KG589
1,LKLG32,43,KG589
1,LKLG33,9,KG650
1,LKLG33,19,KG590
1,LKLG33,53,KG632
1,LKLG34,12,KG608
1,LKLG35,33,KG617
1,LKLG35,53,KG617
1,LKLG35,58,KG617
1,LKLG36,43,KG657
1,LKLG36,50,KG626
1,LKLG37,25,KG610
1,LKLG37,47,KG610
1,LKLG37,53,KG632
1,LKLG37,55,KG632
1,LKLG38,34,KG352
1,LKLG38,35,KG389
1,LKLG38,46,KG352
1,LKLG38,47,KG389
1,LKLG38,49,KG388
1,LKLG38,61,KG353
1,LKLG39,5,KG662
1,LKLG39,11,KG650
1,LKLG39,12,KG632
1,LKLG39,43,KG632
1,LKLG39,55,KG650
1,LKLG39,55,KG632
1,LKLG39,56,KG662
1,LKLG3,29,KG400
1,LKLG3,62,KG436
1,LKLG40,15,KG686
1,LKLG40,29,KG643
1,LKLG40,32,KG667
1,LKLG40,39,KG657
1,LKLG40,41,KG657
1,LKLG40,46,KG643
1,LKLG40,49,KG665
1,LKLG40,56,KG657
1,LKLG40,58,KG657
1,LKLG41,7,KG646
1,LKLG41,9,KG645
1,LKLG41,25,KG645
1,LKLG41,43,KG645
1,LKLG42,15,KG653
1,LKLG42,22,KG653
1,LKLG44,49,KG665
1,LKLG44,58,KG667
1,LKLG45,58,KG670
1,LKLG45,58,KG665
1,LKLG46,13,KG687
1,LKLG46,20,KG680
1,LKLG46,21,KG687
1,LKLG46,24,KG678
1,LKLG46,36,KG679
1,LKLG46,50,KG679
1,LKLG47,54,KG704
1,LKLG48,47,KG704
1,LKLG48,54,KG704
1,LKLG48,57,KG706
1,LKLG49,15,KG706
1,LKLG49,16,KG706
1,LKLG4,29,KG402
1,LKLG4,30,KG402
1,LKLG4,32,KG401
1,LKLG4,32,KG402
1,LKLG50,33,KG322
1,LKLG51,26,KG706
1,LKLG51,60,KG706
1,LKLG52,21,KG617
1,LKLG53,46,KG236
1,LKLG54,29,KG384
1,LKLG55,51,KG503
1,LKLG56,6,KG463
1,LKLG56,9,KG418
1,LKLG56,9,KG425
1,LKLG56,18,KG425
1,LKLG56,18,KG387
1,LKLG56,20,KG463
1,LKLG56,25,KG501
1,LKLG56,30,KG501
1,LKLG56,31,KG501
1,LKLG57,42,KG655
1,LKLG58,16,KG391
1,LKLG58,23,KG390
1,LKLG58,23,KG392
1,LKLG58,33,KG430
1,LKLG58,37,KG430
1,LKLG58,53,KG430
1,LKLG58,54,KG390
1,LKLG58,61,KG390
1,LKLG59,17,KG624
1,LKLG5,2,KG418
1,LKLG5,3,KG418
1,LKLG5,11,KG463
1,LKLG5,18,KG425
1,LKLG5,20,KG463
1,LKLG5,27,KG501
1,LKLG5,62,KG501
1,LKLG60,60,KG402
1,LKLG61,58,KG426
1,LKLG62,39,KG449
1,LKLG63,48,KG477
1,LKLG64,59,KG543
1,LKLG66,31,KG648
1,LKLG68,42,KG653
1,LKLG69,25,KG653
1,LKLG6,23,KG461
1,LKLG6,34,KG423
1,LKLG6,40,KG461
1,LKLG70,18,KG662
1,LKLG72,46,KG691
1,LKLG73,15,KG704
1,LKLG73,38,KG704
1,LKLG76,55,KG617
1,LKLG78,15,KG617
1,CorbKal_8,39,KG423
1,LKLG80,43,KG589
1,LKLG80,45,KG589
1,LKLG81,23,KG384
1,LKLG82,37,KG384
1,LKLG83,32,KG438
1,LKLG84,24,KG468
1,LKLG86,17,KG562
1,LKLG87,39,KG580
1,LKLG88,26,KG655
1,LKLG89,13,KG701
1,LKLG8,5,KG427
1,LKLG8,17,KG502
1,LKLG8,18,KG465
1,LKLG8,29,KG465
1,LKLG8,29,KG503
1,LKLG8,38,KG465
1,LKLG8,38,KG503
1,LKLG8,41,KG502
1,LKLG8,44,KG425
1,LKLG8,44,KG424
1,LKLG8,47,KG502
1,LKLG8,47,KG465
1,LKLG8,54,KG502
1,LKLG8,58,KG501
1,LKLG8,59,KG465
1,LKLG90,15,KG478
1,LKLG90,50,KG513
1,LKLG98,9,KG534
1,LKLG98,11,KG534
1,LKLG98,14,KG498
1,LKLG98,15,KG534
1,LKLG98,16,KG564
1,LKLG98,17,KG565
1,LKLG98,18,KG534
1,LKLG98,21,KG533
1,LKLG98,23,KG497
1,LKLG98,25,KG534
1,LKLG98,31,KG534
1,LKLG98,35,KG534
1,LKLG98,37,KG534
1,LKLG98,41,KG533
1,LKLG98,41,KG497
1,LKLG98,43,KG534
1,LKLG98,48,KG534
1,LKLG98,53,KG497
1,LKLG98,56,KG534
1,LKLG98,57,KG534
1,LKLG98,57,KG498
1,LKLG98,58,KG534
1,LKLG98,58,KG497
1,LKLG9,2,KG323
1,LKLG9,8,KG323
1,LKLG9,15,KG290
1,LKLG9,17,KG290
1,LKLG9,19,KG290
1,LKLG9,22,KG290
1,LKLG9,40,KG323
1,LKLG9,55,KG290
